cluster,component,mean,hdi_low,hdi_high
0,SQ,0.0026902605290093453,7.7997401487854e-06,0.00812563523586929
0,PA,0.003026461899831093,2.49003793266956e-07,0.008958846324840031
0,LE,0.0020300965362781234,2.3875034549571778e-06,0.006200208156724421
0,FE,0.9922531810348814,0.9853366247504435,0.9980777321209044
1,SQ,0.12203882737687424,0.00017182410368096648,0.3675858942157219
1,PA,0.2495890541078884,0.007239916314921396,0.5925553227016999
1,LE,0.5663478888290805,0.13326939840500693,0.9142461035238658
1,FE,0.062024229686156764,0.00011073922846953384,0.15763012192191714
